"text","label","notes","pre_labeled"
"Should I start Jaylen Waddle or Stefon Diggs this week? Waddle has a great matchup against the Cardinals secondary but Diggs is my WR2 and more consistent. Half PPR league.","advice","","no"
"Got offered Davante Adams for my Stefon Diggs + a 2nd round pick. Do I do it? Need to make a decision by tonight.","advice","","no"
"Start or sit: Travis Kelce vs the Broncos in a must-win week? 12-team PPR.","advice","","no"
"Is Derrick Henry worth a waiver add this week? He's available in my league and I need RB depth.","advice","","no"
"Should I drop Zach Ertz for Cole Kmet? My TE situation is dire and Ertz hasn't done anything in three weeks.","advice","","no"
"PPR flex: Austin Ekeler or Deebo Samuel this week? Both have solid matchups.","advice","","no"
"My WR2 just got put on IR. Free agents available: Darius Slayton, Van Jefferson, Kendrick Bourne. Which one do I pick up?","advice","","no"
"Need to make a trade. Would you give up Tee Higgins for Tyreek Hill straight up in a PPR league?","advice","","no"
"Should I start two mediocre RBs or go RB/WR in my flex spot? I have Aaron Jones and Damien Harris at RB.","advice","","no"
"Week 14 start or sit: Joe Burrow vs the Browns defense? He's been inconsistent lately but it's a home game.","advice","","no"
"Half PPR: Amari Cooper or Chris Godwin as my WR3 this week?","advice","","no"
"Is it too early to drop Cam Akers? He had two good weeks then disappeared again. My waiver wire has some decent options.","advice","","no"
"Should I trade for Christian McCaffrey if it costs me my first round pick next year?","advice","","no"
"Who do I start at flex: David Montgomery or Courtland Sutton?","advice","","no"
"My opponent has Patrick Mahomes and I have Josh Allen. Do I try to trade Allen for a RB?","advice","","no"
"PPR leagues: should I be holding onto Hunter Henry or is he a drop at this point?","advice","","no"
"I have two quarterbacks on bye this week. Do I pick up a streamer or try to trade for one?","advice","","no"
"Should I start a healthy Tony Pollard over a slightly banged-up Dalvin Cook?","advice","","no"
"Trade offer: My Mike Evans for their DeVante Parker and a third round pick. Take it?","advice","","no"
"Week 11 waiver wire: Is Dontario Drummond worth picking up as a WR3 handcuff?","advice","","no"
"Start or sit: Russell Wilson at home against the Raiders? He's been up and down all season.","advice","","no"
"Do I start my stud RB on a short week or rest him? He's listed as questionable.","advice","","no"
"Need a bye week streamer at QB. Available in my league: Marcus Mariota, Sam Howell, Bailey Zappe. Which one?","advice","","no"
"Should I sell high on A.J. Brown right now while his value is at its peak?","advice","","no"
"Is it worth starting a receiver with a tough matchup if he leads his team in targets?","advice","","no"
"Trade deadline is today. Should I be buying or selling Saquon Barkley right now?","advice","","no"
"PPR: who do I start at TE — Dallas Goedert coming off injury or Gerald Everett with a great matchup?","advice","","no"
"My running back situation is a disaster. Available on waivers: Royce Freeman, Latavius Murray, Boston Scott. Help.","advice","","no"
"Should I hold Breece Hall while he recovers from his ACL or drop him for a guy who's playing now?","advice","","no"
"Is Justin Fields a viable fantasy starter or just a streaming option in non-PPR leagues?","advice","","no"
"Week 9 start/sit: Brandin Cooks vs the Jaguars or Jakobi Meyers vs the Jets? Both are available to me.","advice","","no"
"My team is 2-6 and I'm basically eliminated. Should I trade my best players for future picks?","advice","","no"
"Do I need to start two tight ends this week or can I get away with one and play an extra WR?","advice","","no"
"Flex decision in a must-win: Kadarius Toney with a great matchup or Darnell Mooney in a neutral one?","advice","","no"
"Is Allen Lazard worth holding now that Aaron Rodgers is back? He was dropped in my league.","advice","","no"
"Should I start Josh Jacobs with the Raiders playing in a potential blowout or go with a safer floor option?","advice","","no"
"Trade offer came in: James Conner for my fourth round pick next year. Do I take it?","advice","","no"
"PPR flex this week: Evan Engram or Juwan Johnson at tight end?","advice","","no"
"My league uses standard scoring. Does that change whether I should start a receiver over a running back at flex?","advice","","no"
"Week 7 waiver wire priority: do I drop my injured WR3 for the hot handcuff that just got promoted?","advice","","no"
"Should I be starting Gus Edwards now that he's the lead back? His matchup this week is favorable.","advice","","no"
"Is it worth trading two mid-tier players for one stud? I have depth but no stars at running back.","advice","","no"
"PPR: who has the higher ceiling this week — DK Metcalf or DeVonta Smith?","advice","","no"
"Should I stream a defense against the Bears or hold my current mediocre defense?","advice","","no"
"My first pick is the 1.12 in a superflex league. Do I take a QB or wait and grab one in the second round?","advice","","no"
"Is now a good time to buy low on Najee Harris? He's been terrible but the volume is there.","advice","","no"
"Should I start my guy in a Monday night game even though I already have enough points to win?","advice","","no"
"Week 16 championship: do I start the boom-or-bust receiver or the safe floor guy?","advice","","no"
"My opponent picked up a top waiver add before me. Should I adjust my lineup to counter their strengths?","advice","","no"
"Is it worth keeping a handcuff who never plays just in case the starter gets hurt?","advice","","no"
"Need flex help: Terry McLaurin with a questionable tag or Darius Slayton fully healthy with a good matchup?","advice","","no"
"Should I trade a running back for a wide receiver to balance my roster?","advice","","no"
"Is Dalton Schultz a must-start every week or is he a matchup-dependent TE?","advice","","no"
"Week 13 flex: do I go with the guy I know and trust or take a shot on the hot hand from last week?","advice","","no"
"Who do I pick up off waivers — a WR2 for a good team or a RB1 for a bad team?","advice","","no"
"Should I start Kirk Cousins in a dome game against a weak secondary or look for a streamer?","advice","","no"
"My league has a transaction fee. Is it worth spending the money to pick up a one-week streamer?","advice","","no"
"PPR: should I start a receiver who is injury-limited but faces a bad secondary, or a healthy receiver with a tougher matchup?","advice","","no"
"Is Kenneth Walker a must-start RB1 or is he more of a flex play in standard scoring?","advice","","no"
"Should I drop a handcuff to pick up a receiver with a great schedule over the next four weeks?","advice","","no"
"Waiver wire question: is Romeo Doubs worth picking up now that Sammy Watkins is out?","advice","","no"
"Trade deadline: should I sell Deebo Samuel while I still can or ride it out?","advice","","no"
"Is it worth using a top waiver claim on a backup quarterback just to block my opponent?","advice","","no"
"My kicker just got cut. Which free agent kicker should I pick up this week?","advice","","no"
"Do I start my WR1 in a tough matchup or bench him for a WR3 with an elite matchup?","advice","","no"
"PPR flex: choose between a running back with 15 touches a game and low receiving work, or a receiver with 8 targets but a tough corner matchup.","advice","","no"
"Is Jamaal Williams worth adding off waivers now that he's getting 15+ carries a game?","advice","","no"
"Should I take a player in the first round of a dynasty startup who plays a premium position or go best player available?","advice","","no"
"Week 8 start or sit: Tyler Higbee at home against the Cardinals or Dawson Knox vs the Packers?","advice","","no"
"My league mate offered me a trade and I have no idea if it's fair. Is Jaylen Waddle worth more than Amari Cooper right now?","advice","","no"
"Should I pick up a defense on Thursday or wait to see who has the best matchup on Sunday?","advice","","no"
"Of course Davante Adams decides to have a 3-catch 28-yard game the ONE week I start him. I benched him last week when he had 150 yards and two TDs. I hate this game so much.","rant","","no"
"Lost by 0.4 points because my kicker missed a 28-yard field goal in garbage time. A 28-YARDER. That's an automatic make. Season is over. I'm done with fantasy football forever.","rant","","no"
"CMC owners must be living their best lives right now. 28 carries 2 TDs 140 yards from scrimmage. He's literally a cheat code. Meanwhile I'm out here starting Ezekiel Elliott. Kill me.","rant","","no"
"My running back fumbled in the red zone TWICE and cost me the game. Twice. In the red zone. I want to retire.","rant","","no"
"Of course Justin Jefferson goes off for 180 yards and three touchdowns the week I traded him away. Of course he does.","rant","","no"
"JUSTIN JEFFERSON IS BACK. HE'S A CHEAT CODE. PUT SOME RESPECT ON HIS NAME.","rant","","no"
"I finished the regular season 9-4 with the highest points scored in the league and didn't make the playoffs because of tiebreakers. Fantasy football is rigged.","rant","","no"
"My quarterback threw four touchdowns but all of them were in garbage time after the game was already decided. Worthless.","rant","","no"
"Sat Josh Allen for one week. One week. He threw five touchdowns. I am never benching him again for the rest of my life.","rant","","no"
"My opponent needed 3 points from their kicker to beat me. Their kicker scored 18. Eighteen. From a kicker. I quit.","rant","","no"
"CeeDee Lamb just ended my season. I hate this game.","rant","","no"
"My wide receiver had a 50-yard touchdown called back on a holding penalty on the offensive lineman. I am going to lose my mind.","rant","","no"
"Why does my team always get injured? Three starters on IR before Thanksgiving. I give up.","rant","","no"
"Patrick Mahomes threw for 400 yards and two touchdowns but I'm getting zero points from the two Chiefs players on my roster. How.","rant","","no"
"The worst part of fantasy football is watching your guy get pulled at the one yard line so the coach can give the TD to someone else. I am in physical pain.","rant","","no"
"Three years in a row I've finished in second place in my league. Three. Years. In. A. Row. I am cursed.","rant","","no"
"My entire team just happened to have their worst game of the season in championship week. Every single one of them. At the same time.","rant","","no"
"Scored the most points in my league this week and still lost because my opponent's bench outscored my starters. This is a joke.","rant","","no"
"Woke up to see that my WR1 was a surprise scratch. Did not find out until after kickoff. Thanks for nothing injury report.","rant","","no"
"Just found out my league commissioner changed the scoring settings mid-season. I cannot believe this is real life.","rant","","no"
"My player had 140 yards rushing and zero touchdowns while the backup vulture got two red zone carries and scored twice. I am done.","rant","","no"
"Traded away my best player two weeks ago because I thought he was declining and he's now on a four-game touchdown streak. Incredible.","rant","","no"
"Lost by 1.2 points. My flex player had a 65-yard touchdown but it was called back for offensive pass interference. I hate this.","rant","","no"
"This is the third time this season my opponent has gotten a garbage time miracle score in the final two minutes to beat me. Three times. I'm out.","rant","","no"
"Injuries. Suspensions. Bye weeks. Underperformers. I built such a good team in August. What happened.","rant","","no"
"My defense gave up negative points and somehow I'm still losing. I'm starting a defense that scores negative. That's where we are.","rant","","no"
"The one week I finally start my handcuff is the week the starter doesn't get hurt. The one week.","rant","","no"
"Dropped Tony Pollard two weeks ago and he just scored three touchdowns. I can never come back from this.","rant","","no"
"My entire bench outscored my starters by 60 points this week. If I had started literally anyone else I would have won.","rant","","no"
"Lost in the playoffs in the first round after going 11-2 in the regular season. Fantasy football is not a real sport and I am never playing again.","rant","","no"
"Three of my starters are on bye this week. Three. Why did I not check this before the draft. I deserve this.","rant","","no"
"My kicker went zero for three on field goals including a 32-yarder. A THIRTY-TWO YARDER. Fire the entire NFL.","rant","","no"
"My tight end scored two touchdowns last week when I had him benched and this week when I started him he had two catches for nine yards. Incredible system.","rant","","no"
"Mahomes threw six touchdowns today and I don't have him. My opponent does. It was nice knowing all of you.","rant","","no"
"Just checked the waiver wire and every good player I wanted got picked up last night while I was asleep. Perfect.","rant","","no"
"My player had six catches for 72 yards and then fumbled at the goal line. Negative one point. Negative. One. Point.","rant","","no"
"I am two games out of a playoff spot with three weeks left. Every week I need help and every week my opponents all win. Why am I like this.","rant","","no"
"Checked the injury report Friday. Everyone healthy. Checked again Sunday morning. Half my lineup is out. I hate this hobby.","rant","","no"
"The guy I beat last week is now in first place and I'm in last place. Same week. Fantasy football math is a personal attack.","rant","","no"
"My wide receiver got ejected from the game in the first quarter for taunting. Zero points. Ejected. For taunting.","rant","","no"
"I spent three hours agonizing over my lineup decision and then the player I left on the bench scored 40 points. Three hours.","rant","","no"
"Everyone in my league is somehow better at fantasy football than me despite knowing less about football. This game is random.","rant","","no"
"My first round pick hasn't scored a touchdown in eight weeks. Eight weeks. First round.","rant","","no"
"Lost the league championship by 0.8 points. Do not talk to me. Do not look at me. Do not contact me.","rant","","no"
"My player is getting 20 carries a game and still can't find the end zone. How do you get 20 carries a week and score zero touchdowns?","rant","","no"
"I hate the NFL for scheduling my best players on Thursday night games. They always underperform on Thursday. Always.","rant","","no"
"All I needed from my defense was to not give up a safety in the final minute. They gave up a safety. In the final minute.","rant","","no"
"The waiver wire player I added for this week immediately got injured in warmups. Before the game even started. Incredible.","rant","","no"
"I am watching my opponent's fourth string receiver score a garbage time touchdown to beat me with five seconds left. Fantastic.","rant","","no"
"My QB went 32 of 38 for 380 yards and zero touchdowns. Zero. Just handed the ball off in the red zone every single time.","rant","","no"
"I drafted so well. I researched all summer. I have nothing to show for it except an 0-8 record and a destroyed will to live.","rant","","no"
"Just saw that a player I dropped three weeks ago is now the number one waiver wire pickup. I am my own worst enemy.","rant","","no"
"My tight end has four touchdowns in real life this season and exactly zero of them happened when I was starting him. Zero.","rant","","no"
"Lost to the worst team in the league this week. They had three players score in garbage time to beat me by two points. Season is cooked.","rant","","no"
"I play fantasy football to have fun. I am not having fun.","rant","","no"
"My guy got a 90-yard run called back because of a holding penalty on a lineman who was 40 yards away from the play. Sure.","rant","","no"
"The commissioner vetoed my trade because he thought it was unfair to the other team. The trade I spent a week negotiating. Vetoed.","rant","","no"
"Everything that could go wrong in my lineup this week did go wrong. Injuries bad performances a fumble a pick-six. All in one week.","rant","","no"
"My sleeper pick is averaging 2.3 fantasy points per game. I knew about this guy before anyone else. Now I know why.","rant","","no"
"Week 15 and I just realized I've been starting a player on a bye week for two hours. Someone check on me.","rant","","no"
"I have won the most points for in my league all year and I'm 5-8. Fantasy football hates me specifically and personally.","rant","","no"
"My player got hurt on the second play of the game. Not the first play. Not the third play. The second play.","rant","","no"
"The last game of the regular season and I need my opponent to lose to make the playoffs. They win by 90 points. Done.","rant","","no"
"My sleeper WR finally had a big game the one week I dropped him for roster space. Unreal. I give up scouting players.","rant","","no"
"My opponent scored 210 points this week. I scored 140 which would have beaten every other team in the league. But I played them.","rant","","no"
"Started my backup QB because my starter had a tough matchup. Starter threw four TDs. Backup threw two interceptions. Classic.","rant","","no"
"My receiver ran the wrong route and got hit by the cornerback's interception return. Minus two points on a route he wasn't even supposed to run.","rant","","no"
"First place all season. Lost in the semifinals. This is why I have trust issues.","rant","","no"
"My running back got a carry on the one yard line and they called him down at the half yard line. Then they scored on the next play with someone else. I'm fine.","rant","","no"
"Checked my projected score before the games. 147 points projected. Final score: 89. Every projection was wrong. Every single one.","rant","","no"
"People are way too low on Rhamondre Stevenson for the rest of the season. Over the last four weeks he's averaging 22 carries per game with a 68% snap share. The Patriots have been running the ball more since Mac Jones went down and his remaining schedule has three bottom-10 run defenses. The usage is real and the opportunity is there.","analysis","","no"
"The Travis Kelce hype is getting out of hand. Yes he leads all TEs in targets but his yards per route run is down 18% from last season and the Chiefs have been leaning heavily on the run in the second half of games. He's a solid TE1 but not worth a top-5 overall pick at his current ADP.","analysis","","no"
"Tua Tagovailoa is criminally underowned in fantasy leagues right now. He leads the NFL in completion percentage over the last six weeks and the Dolphins' pass game is the most efficient in football. Tyreek Hill gets all the headlines but Tua is the reason — and he's available in half of all leagues.","analysis","","no"
"Everyone is sleeping on the Eagles run game heading into the playoffs. Jalen Hurts has rushed for 50-plus yards in five straight games and Miles Sanders is seeing a 72% snap share. Philly is the most ground-dependent offense in the NFC and that makes both of them must-starts in favorable matchups.","analysis","","no"
"Justin Jefferson's target share has been declining quietly for three weeks. He was at 32% earlier in the season and he's now at 21%. The Vikings have been spreading the ball more since they went up-tempo and while Jefferson is still a WR1 the ceiling plays are getting less frequent.","analysis","","no"
"The Bengals are the most underrated passing offense for fantasy purposes this year. Joe Burrow is 8th in fantasy points per game but faces four bottom-five pass defenses over the next month. Ja'Marr Chase and Tee Higgins are both top-12 plays for the foreseeable future.","analysis","","no"
"Ezekiel Elliott's efficiency numbers are genuinely bad and people keep holding him because of name value. His yards before contact are down 22% from last season. His broken tackle rate is at a career low. Tony Pollard is the better fantasy option on that same team right now.","analysis","","no"
"Here's the case for buying Josh Jacobs low right now. He's averaging 4.6 yards per carry over the last four weeks which is top-10 among all running backs. The Raiders are running the ball more since their offensive coordinator change. He's being sold for RB3 value when his usage screams RB2.","analysis","","no"
"The early ADP on receivers in 2-TE formats is broken. People are paying WR2 prices for tight ends in leagues that start two TEs but the actual WR depth in 2024 is historically deep. You can wait until round 6 for a tight end in those formats and come away with elite production.","analysis","","no"
"Keenan Allen's target share with Justin Herbert is actually higher than people realize — 27% over the last three weeks. The Chargers have been pass-heavy since their run game stalled and Allen is the clear number-one option. His age concerns are legitimate but the production is not declining on a per-route basis.","analysis","","no"
"The real reason Saquon Barkley's fantasy value dropped isn't his performance — it's his team. The Giants are the 29th-ranked team in pass rate which means fewer garbage time receiving opportunities. His rushing stats are still elite but his ceiling has been capped by game script.","analysis","","no"
"Nobody is talking about how good Tyler Lockett has been since week 6. He's averaging 7.8 targets per game and Geno Smith has a 72% completion rate targeting him specifically. Lockett is a weekly top-15 WR with no injury risk and no competition for targets.","analysis","","no"
"Alvin Kamara's efficiency in New Orleans is historically consistent regardless of his support cast. Over the last five seasons he has never finished outside the top-12 PPR running backs. His injury history is the only real concern — usage rate snap share and target volume all point to a reliable RB1 finish.","analysis","","no"
"The handcuff market is completely inefficient in redraft leagues right now. Dalvin Cook's backup is owned in 4% of leagues despite Cook having a grade-2 hamstring strain. If Cook misses even two games that backup becomes an RB1. The value is there for anyone paying attention.","analysis","","no"
"DK Metcalf's numbers this season look worse than they are because the Seahawks have been run-heavy. His yards per route run is actually up from last year and his catch rate on deep targets is the best of his career. He's a sell-low candidate right now and smart managers should be buying.","analysis","","no"
"The Ravens defense is the most undervalued fantasy defense available right now. They've held three consecutive opponents under 14 points and their next two games are against the Bears and the Texans who rank 28th and 30th in offensive efficiency. Streaming them is a near lock for a top-5 finish this week.","analysis","","no"
"CeeDee Lamb is the safest wide receiver in fantasy right now and it's not particularly close. He leads the league in routes run targets catches and receiving yards. His floor is 12 PPR points and that kind of reliability at WR1 is worth overpaying for at the trade deadline.","analysis","","no"
"Explaining why Najee Harris will never be an elite fantasy back: his yards after contact are in the bottom quarter of all starting running backs. He requires positive offensive line play to succeed and the Steelers line is average at best. He gets volume but doesn't do anything efficiently with it.","analysis","","no"
"The Jaguars pass game is dramatically underowned for fantasy purposes. Trevor Lawrence has been top-10 in fantasy points over the last five weeks. Christian Kirk leads the team in targets and has a 24% target share in the slot. The Jaguars play fast and throw a lot in competitive games.","analysis","","no"
"I've been tracking Austin Ekeler's snap share and it tells a different story than his boxscore. He dropped from 78% to 61% over the last four weeks as the Chargers have started using their backup in two-minute drills. The ceiling is still there but the floor is lower than his current ADP suggests.","analysis","","no"
"The sleeper nobody is talking about at WR is Puka Nacua. He's had double-digit targets in each of the last three weeks and Cooper Kupp's injury appears more serious than the team is letting on. Nacua runs precise routes and McVay's system rewards route runners who win quickly.","analysis","","no"
"Breece Hall's ACL recovery timeline puts him on track for a late-season return and that's when you want to be buying him in dynasty leagues. His pre-injury numbers showed elite burst and receiving ability out of the backfield. The Jets will use him heavily when he returns because they have no other receiving threat from the backfield.","analysis","","no"
"Here is the actual case against starting Kyler Murray right now. His completion percentage under pressure is 31% which is dead last in the league. The Cardinals are falling behind in games which forces Murray into passing situations where he's at his worst. The rushing upside is real but his passing production in blowout losses is near zero.","analysis","","no"
"The Bengals offensive line issues are real and they're affecting Joe Burrow's fantasy value in ways the box scores don't show. Burrow is getting pressured on 38% of his dropbacks which is the fifth-highest rate in the NFL. He's still producing but the efficiency numbers suggest he's outperforming his situation.","analysis","","no"
"Davante Adams' route tree has gotten simpler since the Raiders changed offensive coordinators. He's running fewer crossing routes and more go routes and curls which are lower-percentage plays for a receiver his size. His target share is still 29% but the quality of targets has declined. He's being drafted as a WR1 but his current usage profile says WR2.","analysis","","no"
"The reason Stefon Diggs is quietly one of the best fantasy values in the league is his reliability in short-yardage situations. His average depth of target is 8.2 yards which translates into a 78% catch rate and consistent PPR points every week. He will never give you three points.","analysis","","no"
"People are overreacting to Joe Mixon's injury. Trayveon Williams is the handcuff and he's only averaged 3.2 yards per carry this season. If Mixon misses time the Bengals will likely be game-scripted into passing anyway which minimizes handcuff value. Hold Mixon but don't panic-sell.","analysis","","no"
"Tony Pollard's role in the Cowboys offense is more nuanced than his usage suggests. He's getting 8 to 10 carries a game but also leads Dallas running backs in routes run and targets out of the backfield. His pass game role is what makes him a PPR asset. In standard scoring his value drops significantly.","analysis","","no"
"The current market undervalues quarterbacks in superflex leagues at the rookie draft level. The top-3 QB prospects in this class project as day-one starters with rushing floors which is the most valuable profile in fantasy. Quarterback scarcity in superflex makes the first college QB off the board worth a first-round pick.","analysis","","no"
"Aaron Jones is a better fantasy running back than his current ADP reflects. He's averaging 5.1 yards per carry over the last six weeks and has a 91% snap share when healthy. He's being drafted like an RB3 and producing like an RB2.","analysis","","no"
"The reason fantasy managers should be targeting Dolphins pass catchers in the second half of the season is their schedule. Miami faces four bottom-ten pass defenses over the next four weeks. Hill Waddle and Tua are all must-starts regardless of format.","analysis","","no"
"Geno Smith is the most underowned fantasy quarterback in non-superflex leagues right now. He's ranked 8th in fantasy points per game but is owned in only 34% of leagues. The Seahawks throw 40 times per game and Smith's accuracy on short and intermediate routes has been elite all season.","analysis","","no"
"The reason Brock Purdy is a legitimate fantasy QB1 and not just a system product: his yards per attempt of 8.4 is second in the NFL. He's making pre-snap reads and hitting open receivers quickly which is exactly what Kyle Shanahan's system requires. Treat him like a real QB1.","analysis","","no"
"Miles Sanders is getting overlooked because the Panthers are bad. But he's averaging 17.3 carries per game over the last month and his efficiency at 4.4 yards per carry is solid. Bad teams run the ball to eat clock which means Sanders is getting work even in blowout losses.","analysis","","no"
"Explaining Diontae Johnson's fantasy decline: his release speed off the line has dropped noticeably on film this season. He's getting pressed at the line more often and losing on contested routes. The Steelers passing game is inconsistent but Johnson specifically is a downgrade from where he was two years ago.","analysis","","no"
"The Bills are the most pass-heavy team in football over the last six weeks and that makes Stefon Diggs the safest WR1 floor in the game. Even in close games and blowouts Buffalo passes the ball. Diggs is the first read in this offense and that will not change.","analysis","","no"
"Christian McCaffrey's usage in San Francisco makes him genuinely historic in fantasy terms. He's getting 22 touches per game combining rush and receiving and the 49ers are competitive every week. Calling him the best fantasy asset of the last decade is not an exaggeration when you look at the actual numbers.","analysis","","no"
"The case for buying Dameon Pierce low right now is simple: his snap share jumped from 54% to 71% in the last two weeks as the Texans have abandoned the committee approach. He's facing the Jaguars and Titans in back-to-back weeks — both bottom-10 run defenses.","analysis","","no"
"DeAndre Hopkins' age decline is showing up in a specific way: his speed after the catch has dropped while his route running and hands remain elite. That makes him a great PPR receiver in a high-volume offense but limits his ceiling. High-floor low-ceiling WR2.","analysis","","no"
"Everyone panicking about Patrick Mahomes' numbers should look at his targets distribution. The Chiefs are spreading the ball to more receivers this year which is depressing per-game stats but not efficiency. He's third in yards per attempt and first in completion percentage over expectation.","analysis","","no"
"The most overlooked stat in fantasy football evaluation is air yards share. It tells you not just who is getting targets but where those targets are going. Receivers with high air yards share have touchdown upside even in low-target weeks. This is why Tyreek Hill is worth WR1 prices even when his catch totals look modest.","analysis","","no"
"James Robinson's value after his Achilles recovery has been understated. He came back with the same burst metrics he showed pre-injury and the Jets are using him as a full three-down back. His pass protection has actually improved. He's a legitimate RB2 being treated like a handcuff.","analysis","","no"
"The reason you should be fading Darren Waller in fantasy right now is usage not injury. He's running routes on only 71% of offensive plays which is down from 89% last season. The Giants have been committing to a run-first approach and Waller is no longer the hub of the offense.","analysis","","no"
"Cooper Kupp's route running is still elite on film. The reason his numbers are down is time — he's running fewer routes per game because the Rams are playing slow and running more. On a per-route basis his production is almost identical to his peak seasons.","analysis","","no"
"The 2024 wide receiver class is historically deep in the middle rounds. Rounds 5 through 9 have produced WR1 weeks from players who went undrafted or in the final rounds. The value is in the middle of drafts not at the top.","analysis","","no"
"Terry McLaurin's efficiency is better than his volume suggests. He's getting only 7 targets a game but his yards per target of 10.8 is top-10 among all wide receivers. Sam Howell is finding him on big plays even in bad offensive games. He's a legitimate WR2 in a bad offense.","analysis","","no"
"Jalen Hurts' rushing production makes him unique in fantasy. Even when his passing numbers are mediocre he's producing 40-plus rushing yards per game and a rushing score almost every other week. His floor is higher than any other quarterback in fantasy because of his legs.","analysis","","no"
"The reason Taysom Hill is a high-variance but high-ceiling play every week: his role is not predictable but when he gets the red zone package he converts. His touchdown rate per touch is among the highest on the team. In games where the Saints are winning and running the ball in from close range he's a TE1.","analysis","","no"
"David Njoku has been quietly one of the best tight ends in fantasy over the last six weeks. He has a 23% target share and the Browns have been leaning on short passing in bad weather games. His snap share has increased each of the last four weeks. He's available in 40% of leagues and should not be.","analysis","","no"
"The real sleeper in dynasty for 2024 is a running back who is currently backing up an aging starter. When that starter's contract expires the handcuff becomes the lead back on a team with a strong offensive line and a history of featuring the running game. This type of asset is consistently undervalued in dynasty drafts.","analysis","","no"
"Khalil Herbert's efficiency when he starts for Chicago is legitimately elite. He averaged 5.8 yards per carry in the three games he started last season and the Bears run behind their guards well. If David Montgomery misses time Herbert is an RB1.","analysis","","no"
"The Jets offensive line has improved enough to make Breece Hall a must-start running back for the rest of the season. Their run blocking grades have moved from 28th to 14th since midseason and Hall is a patient runner who lets blocks develop. This is the kind of improvement that causes fantasy markets to lag two to three weeks behind reality.","analysis","","no"
"Tyreek Hill's pace this season would be historic. He's on track for 1800 receiving yards which would be among the most by any receiver in NFL history. The Dolphins are running an air raid and Hill is the featured option on every vertical route.","analysis","","no"
"The reason Dak Prescott is consistently top-10 in fantasy QB points is game script. The Cowboys are almost always competitive which means Prescott is passing in all four quarters. He doesn't have elite receivers but he has a clean pocket CeeDee Lamb and a run game that keeps defenses honest.","analysis","","no"
"Brandin Cooks' fantasy value in Dallas comes down entirely to one number: his 26% target share when the Cowboys spread the ball vertically. In games where they run the ball Cooks has low value. In games where they go vertical Cooks is a WR2. It depends entirely on game script.","analysis","","no"
"The real problem with taking a tight end in the first two rounds of fantasy drafts is opportunity cost. The difference in production between the top TE and the TE8 is large but so is the difference between the WR4 and WR12. First-round tight ends force you into taking receivers later where the drop-off is steep.","analysis","","no"
"Tyler Allgeier's efficiency since becoming the Falcons' lead back has been underreported. He's averaging 4.9 yards per carry on 16 carries per game and the Falcons are competitive every week. He's not getting buzz but he's producing like a top-20 running back.","analysis","","no"
"Drake London is an undervalued WR2 for the rest of the season. He's operating as the Falcons' only consistent target in the passing game with a 28% target share over the last month. Desmond Ridder is leaning on him in critical third-down situations and his touchdown upside is real given his red zone role.","analysis","","no"
"Deebo Samuel's hybrid usage makes him one of the most unique fantasy assets in football. He lines up as a receiver but gets 4 to 6 rushing attempts per game which doubles his floor. His injury risk is higher than a standard receiver because of those rushing attempts but so is his ceiling.","analysis","","no"
"The waiver wire strategy most managers get wrong is chasing last week's performance instead of next week's opportunity. A receiver who just had 120 yards because his teammate got injured is more valuable than a receiver who had 120 yards in a one-time blowout. Usage change is signal. Volume spike is noise.","analysis","","no"
"Lamar Jackson's fantasy value is being suppressed by game script right now. The Ravens are so dominant that they're running the ball in the second half of almost every game which cuts into Lamar's passing attempts. His rushing floor keeps him a QB1 but his ceiling is capped until the Ravens face a real shootout.","analysis","","no"
"The case for drafting a wide receiver with the first overall pick in 2024 is stronger than people think. Running backs are getting three-year contracts and injured at elite rates. Wide receivers are getting five-year contracts and aging gracefully. The long-term dynasty value of a premier WR outweighs almost any RB.","analysis","","no"
"Sam LaPorta's rookie tight end emergence is real and backed by usage data. He's running routes on 89% of snaps which is the highest rate among rookie tight ends in the last decade. Detroit's passing game is efficient and LaPorta is being used as a safety valve on third downs which generates consistent PPR production.","analysis","","no"
"Ranking kickers is mostly pointless in fantasy but one factor that actually predicts performance is team offensive efficiency. Kickers on top-10 offenses score 2.3 more points per game on average because they get more field goal attempts and extra points. If you're streaming a kicker this week find one on a high-powered offense.","analysis","","no"
"The reason defenses are undervalued in the last three rounds of fantasy drafts is punt-value anchoring. Everyone assumes defenses are equally unpredictable so they draft them equally late. But defenses against bottom-5 offenses over a four-week stretch are genuinely predictable. Streaming defense by schedule is one of the highest-value free moves in fantasy.","analysis","","no"
"Zay Jones' role in the Jaguars offense has been growing steadily all season. He's gone from 4 to 6 to 8 targets per game over the last three weeks and Trevor Lawrence is clearly comfortable targeting him in the middle of the field. He's a streaming WR2 with legitimate upside if the Jaguars stay competitive.","analysis","","no"
"The narrative around Dalvin Cook being done is overblown. His yards per carry has declined but his receiving role has increased. Over the last four weeks he's averaging 6.2 targets per game out of the backfield which makes him PPR-relevant even if his rushing efficiency is no longer elite.","analysis","","no"
"I've been starting Keenan Allen every week trusting the process but at this point is it even worth holding him? The targets just aren't there anymore — 4 targets 3 targets 4 targets over the last three weeks.","advice","edge case: opens with frustration but ends with a genuine hold/drop question → advice","no"
"Jalen Hurts owners eating good. 35 rushing yards 2 passing TDs 1 rushing TD. Meanwhile my QB is literally Geno Smith.","rant","edge case: cites stats but uses them as emotional exclamations not structured argument → rant","no"
"Justin Jefferson has a 28% target share over the last six weeks which puts him in the top 3 among all WRs. If your leaguemates are selling low after his injury scare you should be buying. This is a gift.","analysis","edge case: ends with a directive but the argument and data come first → analysis","no"
"Cooper Kupp is completely cooked. He's averaging 4 targets a game and hasn't topped 50 yards in six weeks. Just drop him already.","rant","edge case: cites two stats but framing is emotional and the directive is a throwaway → rant","no"
"This is my first year in a keeper league and I have no idea what I'm doing. Should I keep a RB1 or take the draft pick compensation?","advice","edge case: could be framed as analysis but poster clearly needs guidance → advice","no"
"Alvin Kamara is a must-start this week — he's facing the Falcons who give up the most rushing yards to RBs in the NFC. Don't overthink it.","analysis","edge case: directive ending but core is a stat-backed matchup argument → analysis","no"
"Just lost my best player to injury. Absolutely brutal. Is there anyone on the waiver wire who can replace his production this week?","advice","edge case: opens with emotional venting but ends with a specific waiver question → advice","no"
"I think you should trade for Tyreek Hill right now — he's been getting 10+ targets a week and the Dolphins have four great matchups coming up. Pull the trigger.","advice","edge case: contains stats but the purpose is directing a specific trade action → advice","no"
